element_start,performer_is_antiquarian,Condition
m_ConditionType,class,
m_ConditionActorType,PERFORMER,
m_ConditionString,antiquarian,
m_ConditionNumberType,BOOL,
element_end

element_start,trinket_anti_master,Item
m_type,trinket,
m_possessionLimit,1,
m_maxQty,1,
m_combinable,False,
m_isConsumable,False,
sub_type,epic,
m_buyCostId,trinket_anti_master_buy_cost, 
m_DiscardGameScorePerQty,1,
m_conditionIds,performer_is_antiquarian,
element_end
element_start,trinket_anti_master,ActorDataExternalBuffs
buffs,trinket_anti_master_01,trinket_anti_master_02,trinket_anti_master_03,
element_end
element_start,trinket_anti_master_buy_cost,Cost,
m_ItemTag,faction,
m_ItemQty,65,
element_end


element_start,trinket_anti_master_01,Buff
m_DurationType,infinite,
m_ConditionId,target_is_combo_primed,
element_end
element_start,trinket_anti_master_01,ActorDataEffects
on_hit_as_performer_to_target_effects,bh_reprime_combo_chance,
element_end


element_start,trinket_anti_master_02,Buff
m_DurationType,infinite,
m_ConditionId,target_has_blight_dot,
element_end
element_start,trinket_anti_master_02,ActorDataStats
key_map,crit_chance,
add_stats,0.15,
element_end


element_start,trinket_anti_master_03,Buff
m_DurationType,infinite,
element_end
element_start,trinket_anti_master_03,ActorDataEffects
turn_start_effects,stress_damage_1_15pct,
element_end


element_start,trinket_anti_master,ResourceItemInherit,
Inherit,trinket_hero_occ_scalded_skull
element_end,,,






element_start,trinket_anti_candle,Item
m_type,trinket,
m_possessionLimit,1,
m_maxQty,1,
m_combinable,False,
m_isConsumable,False,
sub_type,epic,
m_buyCostId,trinket_anti_candle_buy_cost, 
m_DiscardGameScorePerQty,1,
m_conditionIds,performer_is_antiquarian,
element_end
element_start,trinket_anti_candle,ActorDataExternalBuffs
buffs,trinket_anti_candle_01,trinket_anti_candle_02,trinket_anti_candle_03,trinket_anti_candle_04,
element_end
element_start,trinket_anti_candle_buy_cost,Cost,
m_ItemTag,faction,
m_ItemQty,65,
element_end

element_start,trinket_anti_candle_01,ActorDataEffects
target_effects,add_1_crit_if_pillager_antiquarian_protect_me,
element_end
element_start,trinket_anti_candle_01,Buff
m_DurationType,infinite,
element_end

element_start,add_1_crit_if_pillager_antiquarian_protect_me,Effect
m_Chance,0.5,
m_TokenAddId,crit,
m_TokenAddAmount,1,
m_ShowValue,False,
all_conditions,skill_is_pillager_antiquarian_protect_me,
element_end

element_start,skill_is_pillager_antiquarian_protect_me,Condition
m_ConditionType,skill_tag,
m_ConditionActorType,NONE,
m_ConditionString,pillager_antiquarian_protect_me,
m_ConditionNumberType,BOOL,
element_end


element_start,trinket_anti_candle_02,Buff
m_DurationType,infinite,
element_end
element_start,trinket_anti_candle_02,ActorDataStats
key_map,health_heal_dealt_percent,
add_stats,0.3,
element_end


element_start,trinket_anti_candle_03,Buff
m_DurationType,infinite,
element_end
element_start,trinket_anti_candle_03,ActorDataStats
sub_stat,dot_effect_value_dealt_change,burn,1,
element_end


element_start,trinket_anti_candle_04,Buff
m_DurationType,infinite,
m_ConditionId,performer_has_multiple_stress,
element_end
element_start,trinket_anti_candle_04,ActorDataStats
key_map,health_damage_dealt_percent,
add_stats,-0.1,
element_end


element_start,trinket_anti_candle,ResourceItemInherit,
Inherit,trinket_city_enlightening_element
element_end,,,






element_start,trinket_anti_florin,Item
m_type,trinket,
m_possessionLimit,1,
m_maxQty,1,
m_combinable,False,
m_isConsumable,False,
sub_type,epic,
m_UnlockId,antiquarian,
m_buyCostId,trinket_anti_florin_buy_cost,
m_DiscardGameScorePerQty,1,
m_conditionIds,performer_is_antiquarian,
element_end
element_start,trinket_anti_florin,ActorDataExternalBuffs
buffs,trinket_anti_florin_01,trinket_anti_florin_02,trinket_anti_florin_03,trinket_anti_florin_04,
element_end
element_start,trinket_anti_florin_buy_cost,Cost,
m_ItemTag,faction,
m_ItemQty,65,
element_end


element_start,trinket_anti_florin_01,Buff
m_DurationType,infinite,
element_end
element_start,trinket_anti_florin_01,ActorDataEffects
on_hit_as_performer_to_target_effects,add_1_combo_flame_rank_4_33pct,
element_end


element_start,trinket_anti_florin_02,Buff
m_DurationType,infinite,
element_end
element_start,trinket_anti_florin_02,ActorDataStats
sub_stat,resistance_ignore,debuff,0.2,
element_end


element_start,trinket_anti_florin_03,Buff
m_DurationType,infinite,
element_end
element_start,trinket_anti_florin_03,ActorDataStats
key_map,speed,
add_stats,4,
element_end


element_start,trinket_anti_florin_04,Buff
m_DurationType,infinite,
element_end
element_start,trinket_anti_florin_04,ActorDataStats
key_map,health_max,
multiply_stats,-0.2,
element_end


element_start,trinket_anti_florin,ResourceItemInherit,
Inherit,trinket_hero_hwy_cursed_coin
element_end,,, trinket_hero_occ_scalded_skull