element_start,boss_body_failure_anti,ActorDataClass
m_Tags,monster,cosmic,god_failure,boss,
m_Size,1,
m_IsTickTriggerValid,True,
m_DeathChainIds,boss_body_phase3,
m_DeathChainLootIds,none,
m_IsStallCounted,True,
m_ClearContainerTypes,BuffContainer,TokenContainer,DotContainer,
element_end

element_start,boss_body_failure_anti,ResourceActorInherit
Inherit,shared_pillager_antiquarian,
Scale,antiquarian,0.8333,
Audio,antiquarian,event:/actors/monsters/shared_pillager_antiquarian/,
element_end


element_start,boss_body_failure_anti,ActorDataStats
key_map,health_max,speed,speed_number_of_turns,
add_stats,30,4,2,
sub_stat,resistance,stun,0.3,
sub_stat,resistance,blight,0.2,
sub_stat,resistance,bleed,0.2,
sub_stat,resistance,burn,0.2,
sub_stat,resistance,disease,0.2,
sub_stat,resistance,move,0.1,
sub_stat,resistance,debuff,0.2,
sub_stat,resistance,death,0,
element_end
element_start,boss_body_failure_anti,ActorDataEffects
turn_skip_effects,stun_temp_resist_buff_e,
element_end
element_start,boss_body_failure_anti,ActorDataExternalBuffs
buffs,failure_anti_slain_ult_manager,
element_end
element_start,failure_anti_attack,ActorDataSkill
m_IsFriendly,False,
launch_ranks,1,4,
target_ranks,1,2,3,4,
m_IsMultiHit,False,
m_AllConditionIds,target_is_anti,
m_CanBeRiposted,True,
m_AverageRankIgnored,False,
m_ValidActOutTypes,skill_before,skill_after,skill_additional,
token_ignores,til_ignore_stealth,
m_Tags,failure_anti_attack,
m_IsStallInvalidating,False,
element_end
element_start,failure_anti_attack,ActorDataStats
key_map,health_damage,health_damage_range,crit_chance,
add_stats,4,1,0.05,
element_end
element_start,failure_anti_attack,ActorDataEffects
target_effects,stress_damage_1,
performer_effects,failure_stacking_dmg_buff_e,failure_stacking_crit_buff_e,
element_end

element_start,failure_anti_attack,ResourceSkillInherit
Inherit,pillager_antiquarian_knife	
m_OverrideSfxSkill,pillager_antiquarian_knife
element_end


element_start,failure_anti_slain_ult_manager,Buff
m_DurationType,infinite,
element_end
element_start,failure_anti_slain_ult_manager,ActorDataEffects
enemy_death_team_effects,extra_action_if_target_is_anti,add_1_failure_ult_anti,remove_all_failure_facing,remove_anti_failure_incomplete,remove_anti_god_denial_tokens,remove_anti_god_denial_manager,hero_failure_kill_bark_anti,
element_end

element_start,add_1_failure_ult_anti,Effect
m_Chance,1,
m_TokenAddId,failure_ult_anti,
m_TokenAddAmount,1,
m_ShowValue,False,
all_conditions,target_is_antiquarian,
element_end

element_start,god_summon_failure_anti,Effect
m_Chance,1,
m_ChangeClassActorId,boss_body_failure_anti,
m_AddTurn,0,
all_conditions,target_is_in_rank_1,performer_is_anti,
element_end

element_start,remove_anti_failure_incomplete,Effect
m_Chance,1,
m_TokenRemoveId,failure_incomplete,
m_TokenRemoveAmount,1,
m_ShowValue,False,
all_conditions,target_is_antiquarian,
element_end
element_start,remove_anti_god_denial_manager,Effect
m_Chance,1,
m_BuffRemoveAllTags,god_denial,
all_conditions,target_is_antiquarian,
element_end
element_start,remove_anti_god_denial_tokens,Effect
m_Chance,1,
m_TokenRemoveTag,god_denial,
m_TokenRemoveAmount,99,
all_conditions,target_is_antiquarian,
element_end