
element_start,bottomless_bag_buff,ActorDataEffects
inn_start_effects,bottomless_bag_effect,
element_end

element_start,bottomless_bag_effect,Effect
m_Chance,0.05,
m_LootIds,pain_box_inn,
element_end

element_start,hero_party_has_antiquarian,Condition
m_ConditionType,party_class,
m_ConditionString,antiquarian,
m_ConditionNumber,1,
m_ConditionNumberType,EQUAL,
element_end

element_start,bottomless_bag,Item
m_type,rest,
m_useTagLimit,1,
m_maxQty,1,
m_DiscardGameScorePerQty,1,
m_combinable,False,
sub_type,hero,
m_usedInCombat,False,
m_usedInDriving,False,
m_usedInInn,True,
m_isConsumable,True,
m_numberOfTargets,4,
m_conditionIds,hero_party_has_antiquarian,
m_effectIds,item_effect_bottomless_bag_01,item_effect_bottomless_bag_02,item_effect_bottomless_bag_03,buff_item_bottomless_bag_04,buff_item_bottomless_bag_05,buff_item_bottomless_bag_06,buff_item_bottomless_bag_07,
m_buyCostId,bottomless_bag_buy_cost,
element_end
element_start,bottomless_bag_buy_cost,Cost
m_ItemId,gold,
m_ItemQty,100,
element_end





element_start,buff_item_bottomless_bag_01,Buff
m_DurationType,infinite,
m_ConditionId,skill_is_ranged,
element_end
element_start,buff_item_bottomless_bag_01,ActorDataStats
key_map,health_damage_dealt_percent,
add_stats,0.1,
element_end


element_start,item_effect_bottomless_bag_01,Effect
m_Chance,1,
buffs,buff_item_bottomless_bag_01,
element_end









element_start,buff_item_bottomless_bag_02,Buff
m_DurationType,infinite,
m_ConditionId,skill_is_melee,
element_end
element_start,buff_item_bottomless_bag_02,ActorDataStats
key_map,health_damage_dealt_percent,
add_stats,0.1,
element_end

element_start,item_effect_bottomless_bag_02,Effect
m_Chance,1,
buffs,buff_item_bottomless_bag_02,
element_end




element_start,item_effect_bottomless_bag_03,Effect
m_Chance,1,
buffs,buff_item_bottomless_bag_03,
element_end

element_start,buff_item_bottomless_bag_03,ActorDataStats
sub_stat,resistance,blight,0.1,
element_end




element_start,buff_item_bottomless_bag_04,ActorDataStats
sub_stat,resistance,burn,0.1,
element_end

element_start,item_effect_bottomless_bag_04,Effect
m_Chance,1,
buffs,buff_item_bottomless_bag_04,
element_end



element_start,buff_item_bottomless_bag_05,ActorDataStats
sub_stat,resistance,bleed,0.1,
element_end

element_start,item_effect_bottomless_bag_05,Effect
m_Chance,1,
buffs,buff_item_bottomless_bag_05,
element_end



element_start,buff_item_bottomless_bag_06,ActorDataStats
sub_stat,resistance,debuff,0.1,
element_end

element_start,item_effect_bottomless_bag_06,Effect
m_Chance,1,
buffs,buff_item_bottomless_bag_06,
element_end



element_start,buff_item_bottomless_bag_07,ActorDataStats
sub_stat,resistance_ignore,debuff,0.1,
element_end

element_start,item_effect_bottomless_bag_07,Effect
m_Chance,1,
buffs,buff_item_bottomless_bag_07,
element_end