element_start,TRINKETS_HERO_ALL,LootTable
m_chances,1,1,1,1,1,1,1,1,1,1,1,1,1,1,1,1,1,1,1,1,1,1,1,1,1,1,1,1,1,1,1,1,1,1,1,1,
m_qtys,1,1,1,1,1,1,1,1,1,1,1,1,1,1,1,1,1,1,1,1,1,1,1,1,1,1,1,1,1,1,1,1,1,1,1,1,
m_ids,trinket_hero_gr_foreclosure_notice,trinket_hero_gr_his_rings,trinket_hero_gr_stiff_drink,trinket_hero_hel_bloodied_branch,trinket_hero_hel_empty_stein,trinket_hero_hel_rotten_tomato,trinket_hero_hwy_cursed_coin,trinket_hero_hwy_rat_skull,trinket_hero_hwy_tormenting_locket,trinket_hero_jes_buskers_haul,trinket_hero_jes_royal_summons,trinket_hero_jes_severed_finger,trinket_hero_lep_a_simple_flower,trinket_hero_lep_inevitable_end,trinket_hero_lep_uncommon_seashell,trinket_hero_maa_price_of_pride,trinket_hero_maa_standard_of_the_ninth,trinket_hero_maa_undeserved_commendation,trinket_hero_occ_scalded_skull,trinket_hero_occ_seeing_sphere,trinket_hero_occ_shamblers_eye,trinket_hero_pd_annotated_textbook,trinket_hero_pd_early_experiment,trinket_hero_pd_storage_room_key,trinket_hero_run_carved_toy,trinket_hero_run_knitted_blanket,trinket_hero_run_pile_of_ash,trinket_hero_ves_icon_of_the_light,trinket_hero_ves_profane_scroll,trinket_hero_ves_smoldering_firewood,trinket_hero_flg_searing_scripture,trinket_hero_flg_his_prison,trinket_hero_flg_emancipation,trinket_anti_candle,trinket_anti_master,trinket_anti_florin,
m_types,item,item,item,item,item,item,item,item,item,item,item,item,item,item,item,item,item,item,item,item,item,item,item,item,item,item,item,item,item,item,item,item,item,item,item,item,
m_tags,
m_conditions,hero_party_has_grave_robber,hero_party_has_grave_robber,hero_party_has_grave_robber,hero_party_has_hellion,hero_party_has_hellion,hero_party_has_hellion,hero_party_has_highwayman,hero_party_has_highwayman,hero_party_has_highwayman,hero_party_has_jester,hero_party_has_jester,hero_party_has_jester,hero_party_has_leper,hero_party_has_leper,hero_party_has_leper,hero_party_has_man_at_arms,hero_party_has_man_at_arms,hero_party_has_man_at_arms,hero_party_has_occultist,hero_party_has_occultist,hero_party_has_occultist,hero_party_has_plague_doctor,hero_party_has_plague_doctor,hero_party_has_plague_doctor,hero_party_has_fire,hero_party_has_fire,hero_party_has_fire,hero_party_has_vestal,hero_party_has_vestal,hero_party_has_vestal,hero_party_has_flagellant,hero_party_has_flagellant,hero_party_has_flagellant,hero_party_has_antiquarian,hero_party_has_antiquarian,hero_party_has_antiquarian,
element_end


element_start,TRINKETS_HERO_AQ,LootTable
m_chances,1,1,1,
m_qtys,1,1,1,
m_ids,trinket_anti_master,trinket_anti_candle,trinket_anti_florin,
m_types,item,item,item,
m_tags,
m_conditions,hero_party_has_antiquarian,hero_party_has_antiquarian,hero_party_has_antiquarian,
element_end


element_start,TRINKETS_SPECIAL_ANTIQ,LootTable
m_chances,3,2,4,1,1,1,1,
m_qtys,1,1,1,1,1,1,1,
m_ids,trinket_antiq_celebrated_chalice,trinket_antiq_clarifying_carcanet,trinket_antiq_cleansing_clasp,trinket_antiq_shimmering_crown,trinket_anti_master,trinket_anti_candle,trinket_anti_florin,
m_types,item,item,item,item,item,item,item,
m_tags,
m_conditions,,,,,hero_party_has_antiquarian,hero_party_has_antiquarian,hero_party_has_antiquarian,
element_end


element_start,TRINKETS_GAUNT_HERO,LootTable
m_chances,1,1,1,1,1,1,1,1,1,1,1,1,1,1,1,1,1,
m_qtys,1,1,1,1,1,1,1,1,1,1,1,1,1,1,1,1,1,
m_ids,trinket_hero_gr_his_rings,trinket_hero_hel_bloodied_branch,trinket_hero_hwy_rat_skull,trinket_hero_hwy_tormenting_locket,trinket_hero_jes_severed_finger,trinket_hero_lep_inevitable_end,trinket_hero_lep_uncommon_seashell,trinket_hero_maa_price_of_pride,trinket_hero_maa_undeserved_commendation,trinket_hero_occ_scalded_skull,trinket_hero_pd_storage_room_key,trinket_hero_run_carved_toy,trinket_hero_run_knitted_blanket,trinket_hero_ves_smoldering_firewood,trinket_hero_flg_his_prison,trinket_hero_flg_emancipation,trinket_anti_candle,
m_types,item,item,item,item,item,item,item,item,item,item,item,item,item,item,item,item,item,
m_tags,
m_conditions,hero_party_has_grave_robber,hero_party_has_hellion,hero_party_has_highwayman,hero_party_has_highwayman,hero_party_has_jester,hero_party_has_leper,hero_party_has_leper,hero_party_has_man_at_arms,hero_party_has_man_at_arms,hero_party_has_occultist,hero_party_has_plague_doctor,hero_party_has_fire,hero_party_has_fire,hero_party_has_vestal,hero_party_has_flagellant,hero_party_has_flagellant,hero_party_has_antiquarian,
element_end


element_start,TRINKETS_PILLAGER_HERO,LootTable
m_chances,1,1,1,1,1,1,1,1,1,1,1,1,1,1,1,1,1,
m_qtys,1,1,1,1,1,1,1,1,1,1,1,1,1,1,1,1,1,
m_ids,trinket_hero_maa_standard_of_the_ninth,trinket_hero_gr_foreclosure_notice,trinket_hero_gr_stiff_drink,trinket_hero_hel_empty_stein,trinket_hero_hel_rotten_tomato,trinket_hero_hwy_cursed_coin,trinket_hero_jes_buskers_haul,trinket_hero_jes_royal_summons,trinket_hero_lep_a_simple_flower,trinket_hero_occ_seeing_sphere,trinket_hero_pd_annotated_textbook,trinket_hero_pd_early_experiment,trinket_hero_run_pile_of_ash,trinket_hero_ves_icon_of_the_light,trinket_hero_ves_profane_scroll,trinket_hero_flg_searing_scripture,trinket_anti_master,
m_types,item,item,item,item,item,item,item,item,item,item,item,item,item,item,item,item,item,
m_tags,
m_conditions,hero_party_has_man_at_arms,hero_party_has_grave_robber,hero_party_has_grave_robber,hero_party_has_hellion,hero_party_has_hellion,hero_party_has_highwayman,hero_party_has_jester,hero_party_has_jester,hero_party_has_leper,hero_party_has_occultist,hero_party_has_plague_doctor,hero_party_has_plague_doctor,hero_party_has_fire,hero_party_has_vestal,hero_party_has_vestal,hero_party_has_flagellant,hero_party_has_antiquarian,
element_end
